city;city_ascii;state_id;state_name;lat;lng;population;density;timezone;ranking
Anniston;Anniston;AL;Alabama;33.6713;-85.8136;75169.0;184.0;America/Chicago;3
Auburn;Auburn;AL;Alabama;32.6087;-85.4899;89577.0;410.0;America/Chicago;3
Birmingham;Birmingham;AL;Alabama;33.5277;-86.7987;744189.0;556.0;America/Chicago;2
Daphne;Daphne;AL;Alabama;30.6286;-87.8866;69065.0;583.0;America/Chicago;3
Decatur;Decatur;AL;Alabama;34.573;-86.9905;68816.0;388.0;America/Chicago;3
Dothan;Dothan;AL;Alabama;31.2335;-85.4068;71620.0;293.0;America/Chicago;3
Enterprise;Enterprise;AL;Alabama;31.3276;-85.8459;38737.0;356.0;America/Chicago;3
Florence;Florence;AL;Alabama;34.8303;-87.6654;78112.0;581.0;America/Chicago;3
Gadsden;Gadsden;AL;Alabama;34.009;-86.0156;61656.0;366.0;America/Chicago;3
Hoover;Hoover;AL;Alabama;33.3754;-86.8065;84920.0;685.0;America/Chicago;3
Huntsville;Huntsville;AL;Alabama;34.6988;-86.6412;309716.0;350.0;America/Chicago;2
Madison;Madison;AL;Alabama;34.7114;-86.7626;48861.0;622.0;America/Chicago;3
Mobile;Mobile;AL;Alabama;30.6782;-88.1163;318084.0;526.0;America/Chicago;2
Montgomery;Montgomery;AL;Alabama;32.3473;-86.2666;255908.0;481.0;America/Chicago;2
Tuscaloosa;Tuscaloosa;AL;Alabama;33.2348;-87.5266;154204.0;627.0;America/Chicago;2
Anchorage;Anchorage;AK;Alaska;61.1508;-149.1091;253421.0;66.0;America/Anchorage;2
Badger;Badger;AK;Alaska;64.8006;-147.3877;19039.0;112.0;America/Anchorage;3
College;College;AK;Alaska;64.8694;-147.8217;14362.0;296.0;America/Anchorage;3
Fairbanks;Fairbanks;AK;Alaska;64.8353;-147.6534;64732.0;384.0;America/Anchorage;3
Juneau;Juneau;AK;Alaska;58.4546;-134.1739;25180.0;4.0;America/Juneau;2
Ketchikan;Ketchikan;AK;Alaska;55.3556;-131.6698;10636.0;840.0;America/Sitka;3
Knik-Fairview;Knik-Fairview;AK;Alaska;61.4964;-149.6535;17203.0;79.0;America/Anchorage;3
Tanaina;Tanaina;AK;Alaska;61.656;-149.4272;10512.0;133.0;America/Anchorage;3
Wasilla;Wasilla;AK;Alaska;61.577;-149.4661;10151.0;316.0;America/Anchorage;3
Avondale;Avondale;AZ;Arizona;33.3858;-112.3236;217192.0;716.0;America/Phoenix;2
Chandler;Chandler;AZ;Arizona;33.2827;-111.8517;253458.0;1505.0;America/Phoenix;2
Gilbert;Gilbert;AZ;Arizona;33.3103;-111.7463;242354.0;1374.0;America/Phoenix;2
Glendale;Glendale;AZ;Arizona;33.5797;-112.2258;246709.0;1601.0;America/Phoenix;2
Goodyear;Goodyear;AZ;Arizona;33.2614;-112.3622;79858.0;161.0;America/Phoenix;3
Mesa;Mesa;AZ;Arizona;33.4017;-111.7181;496401.0;1388.0;America/Phoenix;2
Peoria;Peoria;AZ;Arizona;33.7844;-112.299;168181.0;369.0;America/Phoenix;2
Phoenix;Phoenix;AZ;Arizona;33.5722;-112.0891;4081849.0;1212.0;America/Phoenix;1
Prescott Valley;Prescott Valley;AZ;Arizona;34.5982;-112.3178;97066.0;419.0;America/Phoenix;3
San Tan Valley;San Tan Valley;AZ;Arizona;33.1879;-111.5473;90665.0;954.0;America/Phoenix;3
Scottsdale;Scottsdale;AZ;Arizona;33.6872;-111.8651;249950.0;524.0;America/Phoenix;2
Surprise;Surprise;AZ;Arizona;33.68;-112.4524;134085.0;478.0;America/Phoenix;2
Tempe;Tempe;AZ;Arizona;33.3881;-111.9318;185038.0;1787.0;America/Phoenix;2
Tucson;Tucson;AZ;Arizona;32.1545;-110.8782;868391.0;868.0;America/Phoenix;2
Yuma;Yuma;AZ;Arizona;32.5991;-114.5488;138802.0;304.0;America/Phoenix;2
Benton;Benton;AR;Arkansas;34.5771;-92.5715;35789.0;617.0;America/Chicago;3
Bentonville;Bentonville;AR;Arkansas;36.355;-94.2299;49298.0;572.0;America/Chicago;3
Conway;Conway;AR;Arkansas;35.0753;-92.4695;72894.0;552.0;America/Chicago;3
Fayetteville;Fayetteville;AR;Arkansas;36.0713;-94.166;341890.0;609.0;America/Chicago;2
Fort Smith;Fort Smith;AR;Arkansas;35.3493;-94.3695;125562.0;537.0;America/Chicago;2
Hot Springs;Hot Springs;AR;Arkansas;34.4902;-93.0498;57819.0;390.0;America/Chicago;3
Jonesboro;Jonesboro;AR;Arkansas;35.8211;-90.6793;73788.0;366.0;America/Chicago;3
Little Rock;Little Rock;AR;Arkansas;34.7255;-92.358;442699.0;643.0;America/Chicago;2
North Little Rock;North Little Rock;AR;Arkansas;34.7807;-92.2372;65911.0;486.0;America/Chicago;3
Pine Bluff;Pine Bluff;AR;Arkansas;34.2116;-92.0178;46850.0;379.0;America/Chicago;3
Rogers;Rogers;AR;Arkansas;36.3172;-94.1518;66430.0;672.0;America/Chicago;3
Russellville;Russellville;AR;Arkansas;35.2763;-93.1383;34373.0;399.0;America/Chicago;3
Sherwood;Sherwood;AR;Arkansas;34.8509;-92.2029;31081.0;576.0;America/Chicago;3
Springdale;Springdale;AR;Arkansas;36.1898;-94.1573;79599.0;656.0;America/Chicago;3
Texarkana;Texarkana;AR;Arkansas;33.4361;-93.996;30259.0;278.0;America/Chicago;3
Anaheim;Anaheim;CA;California;33.839;-117.8573;352497.0;2704.0;America/Los_Angeles;2
Antioch;Antioch;CA;California;37.9789;-121.7957;302885.0;1469.0;America/Los_Angeles;2
Bakersfield;Bakersfield;CA;California;35.353;-119.0359;574362.0;982.0;America/Los_Angeles;2
Berkeley;Berkeley;CA;California;37.8723;-122.276;122324.0;4509.0;America/Los_Angeles;2
Burbank;Burbank;CA;California;34.1879;-118.3235;104834.0;2337.0;America/Los_Angeles;2
Carlsbad;Carlsbad;CA;California;33.1247;-117.2837;115330.0;1179.0;America/Los_Angeles;2
Chico;Chico;CA;California;39.7575;-121.8152;106268.0;1076.0;America/Los_Angeles;2
Chula Vista;Chula Vista;CA;California;32.6281;-117.0145;270471.0;2104.0;America/Los_Angeles;2
Clovis;Clovis;CA;California;36.8277;-119.6838;109691.0;1720.0;America/Los_Angeles;2
Concord;Concord;CA;California;37.9722;-122.0016;654770.0;1639.0;America/Los_Angeles;2
Corona;Corona;CA;California;33.862;-117.5641;167836.0;1643.0;America/Los_Angeles;2
Costa Mesa;Costa Mesa;CA;California;33.6667;-117.9135;113825.0;2782.0;America/Los_Angeles;2
Daly City;Daly City;CA;California;37.6863;-122.4684;107074.0;5410.0;America/Los_Angeles;2
Downey;Downey;CA;California;33.9379;-118.1312;113092.0;3519.0;America/Los_Angeles;2
East Los Angeles;East Los Angeles;CA;California;34.0326;-118.1691;123905.0;6423.0;America/Los_Angeles;2
El Cajon;El Cajon;CA;California;32.8017;-116.9604;103894.0;2769.0;America/Los_Angeles;2
El Centro;El Centro;CA;California;32.7867;-115.5586;112145.0;1488.0;America/Los_Angeles;2
El Monte;El Monte;CA;California;34.0739;-118.0291;116109.0;4688.0;America/Los_Angeles;2
Elk Grove;Elk Grove;CA;California;38.416;-121.384;171844.0;1580.0;America/Los_Angeles;2
Escondido;Escondido;CA;California;33.1347;-117.0723;151969.0;1575.0;America/Los_Angeles;2
Fairfield;Fairfield;CA;California;38.2594;-122.0319;147582.0;1094.0;America/Los_Angeles;2
Fontana;Fontana;CA;California;34.0968;-117.4599;211815.0;1898.0;America/Los_Angeles;2
Fremont;Fremont;CA;California;37.5265;-121.9852;234962.0;1171.0;America/Los_Angeles;2
Fresno;Fresno;CA;California;36.7831;-119.7941;698021.0;1781.0;America/Los_Angeles;2
Fullerton;Fullerton;CA;California;33.8841;-117.9279;140392.0;2416.0;America/Los_Angeles;2
Garden Grove;Garden Grove;CA;California;33.7787;-117.9601;174226.0;3746.0;America/Los_Angeles;2
Gilroy;Gilroy;CA;California;37.0047;-121.5856;116235.0;1351.0;America/Los_Angeles;2
Glendale;Glendale;CA;California;34.1818;-118.2468;203054.0;2572.0;America/Los_Angeles;2
Hayward;Hayward;CA;California;37.6328;-122.0772;160500.0;1360.0;America/Los_Angeles;2
Hemet;Hemet;CA;California;33.7341;-116.9969;176892.0;1123.0;America/Los_Angeles;2
Huntington Beach;Huntington Beach;CA;California;33.696;-118.0025;201874.0;2886.0;America/Los_Angeles;2
Indio;Indio;CA;California;33.7346;-116.2346;408097.0;1043.0;America/Los_Angeles;2
Inglewood;Inglewood;CA;California;33.9566;-118.3444;110598.0;4709.0;America/Los_Angeles;2
Irvine;Irvine;CA;California;33.6772;-117.7738;277453.0;1633.0;America/Los_Angeles;2
Jurupa Valley;Jurupa Valley;CA;California;34.001;-117.4706;106028.0;953.0;America/Los_Angeles;2
Lancaster;Lancaster;CA;California;34.6934;-118.1753;349218.0;656.0;America/Los_Angeles;2
Long Beach;Long Beach;CA;California;33.798;-118.1675;469450.0;3575.0;America/Los_Angeles;2
Los Angeles;Los Angeles;CA;California;34.1139;-118.4068;12815475.0;3295.0;America/Los_Angeles;1
Merced;Merced;CA;California;37.3057;-120.4779;144117.0;1381.0;America/Los_Angeles;2
Mission Viejo;Mission Viejo;CA;California;33.6095;-117.655;600474.0;2094.0;America/Los_Angeles;2
Modesto;Modesto;CA;California;37.6374;-121.0028;381398.0;1924.0;America/Los_Angeles;2
Moreno Valley;Moreno Valley;CA;California;33.9244;-117.2045;207226.0;1560.0;America/Los_Angeles;2
Murrieta;Murrieta;CA;California;33.572;-117.1909;483681.0;1301.0;America/Los_Angeles;2
Norwalk;Norwalk;CA;California;33.9069;-118.0829;106084.0;4218.0;America/Los_Angeles;2
Oakland;Oakland;CA;California;37.7903;-122.2165;425195.0;2937.0;America/Los_Angeles;2
Oceanside;Oceanside;CA;California;33.2247;-117.3083;176193.0;1649.0;America/Los_Angeles;2
Ontario;Ontario;CA;California;34.0393;-117.6064;175841.0;1358.0;America/Los_Angeles;2
Orange;Orange;CA;California;33.8038;-117.8218;140560.0;2114.0;America/Los_Angeles;2
Oxnard;Oxnard;CA;California;34.1962;-119.1819;389792.0;3008.0;America/Los_Angeles;2
Palmdale;Palmdale;CA;California;34.5944;-118.1057;157519.0;573.0;America/Los_Angeles;2
Pasadena;Pasadena;CA;California;34.1597;-118.139;142647.0;2398.0;America/Los_Angeles;2
Pomona;Pomona;CA;California;34.0585;-117.7626;152939.0;2571.0;America/Los_Angeles;2
Rancho Cucamonga;Rancho Cucamonga;CA;California;34.1248;-117.5666;177452.0;1707.0;America/Los_Angeles;2
Redding;Redding;CA;California;40.5698;-122.365;120270.0;594.0;America/Los_Angeles;2
Rialto;Rialto;CA;California;34.1175;-117.3894;103562.0;1670.0;America/Los_Angeles;2
Richmond;Richmond;CA;California;37.9477;-122.339;110040.0;1413.0;America/Los_Angeles;2
Riverside;Riverside;CA;California;33.9381;-117.3948;2084749.0;1557.0;America/Los_Angeles;1
Roseville;Roseville;CA;California;38.7691;-121.3178;135329.0;1213.0;America/Los_Angeles;2
Sacramento;Sacramento;CA;California;38.5667;-121.4683;1854698.0;1980.0;America/Los_Angeles;1
Salinas;Salinas;CA;California;36.6884;-121.6317;193590.0;2597.0;America/Los_Angeles;2
San Bernardino;San Bernardino;CA;California;34.1417;-117.2945;216995.0;1350.0;America/Los_Angeles;2
San Buenaventura;San Buenaventura;CA;California;34.2741;-119.2314;110790.0;1954.0;America/Los_Angeles;2
San Diego;San Diego;CA;California;32.8312;-117.1225;3210314.0;1683.0;America/Los_Angeles;1
San Francisco;San Francisco;CA;California;37.7562;-122.443;3603761.0;7286.0;America/Los_Angeles;1
San Jose;San Jose;CA;California;37.3021;-121.8489;1821899.0;2257.0;America/Los_Angeles;1
San Mateo;San Mateo;CA;California;37.5522;-122.3122;104748.0;3322.0;America/Los_Angeles;2
Santa Ana;Santa Ana;CA;California;33.7366;-117.8819;334136.0;4715.0;America/Los_Angeles;2
Santa Barbara;Santa Barbara;CA;California;34.4285;-119.7202;204034.0;1823.0;America/Los_Angeles;2
Santa Clara;Santa Clara;CA;California;37.3646;-121.968;127134.0;2667.0;America/Los_Angeles;2
Santa Clarita;Santa Clarita;CA;California;34.4155;-118.4992;309378.0;1235.0;America/Los_Angeles;2
Santa Cruz;Santa Cruz;CA;California;36.9789;-122.0346;177556.0;1970.0;America/Los_Angeles;2
Santa Maria;Santa Maria;CA;California;34.9333;-120.4432;140219.0;1813.0;America/Los_Angeles;2
Santa Rosa;Santa Rosa;CA;California;38.4458;-122.7067;321908.0;1591.0;America/Los_Angeles;2
Seaside;Seaside;CA;California;36.6224;-121.8191;118110.0;1426.0;America/Los_Angeles;2
Simi Valley;Simi Valley;CA;California;34.2663;-118.749;127864.0;1179.0;America/Los_Angeles;2
Stockton;Stockton;CA;California;37.9766;-121.3111;394467.0;1943.0;America/Los_Angeles;2
Sunnyvale;Sunnyvale;CA;California;37.3836;-122.0257;153656.0;2697.0;America/Los_Angeles;2
Temecula;Temecula;CA;California;33.4928;-117.1315;114327.0;1184.0;America/Los_Angeles;2
Thousand Oaks;Thousand Oaks;CA;California;34.1914;-118.8755;218729.0;901.0;America/Los_Angeles;2
Torrance;Torrance;CA;California;33.8346;-118.3417;146758.0;2767.0;America/Los_Angeles;2
Turlock;Turlock;CA;California;37.5053;-120.8587;107208.0;1678.0;America/Los_Angeles;2
Vacaville;Vacaville;CA;California;38.359;-121.968;100801.0;1321.0;America/Los_Angeles;2
Vallejo;Vallejo;CA;California;38.1133;-122.2359;173844.0;1536.0;America/Los_Angeles;2
Victorville;Victorville;CA;California;34.5277;-117.3536;346948.0;642.0;America/Los_Angeles;2
Visalia;Visalia;CA;California;36.3276;-119.3269;234573.0;1355.0;America/Los_Angeles;2
Vista;Vista;CA;California;33.1896;-117.2386;101568.0;2093.0;America/Los_Angeles;2
West Covina;West Covina;CA;California;34.0555;-117.9112;107598.0;2589.0;America/Los_Angeles;2
Yuba City;Yuba City;CA;California;39.1357;-121.6381;120186.0;1732.0;America/Los_Angeles;2
Arvada;Arvada;CO;Colorado;39.8321;-105.1511;118807.0;1183.0;America/Denver;2
Aurora;Aurora;CO;Colorado;39.7084;-104.7274;366623.0;921.0;America/Denver;2
Boulder;Boulder;CO;Colorado;40.0249;-105.2523;126054.0;1573.0;America/Denver;2
Centennial;Centennial;CO;Colorado;39.5926;-104.8674;110250.0;1439.0;America/Denver;2
Colorado Springs;Colorado Springs;CO;Colorado;38.8674;-104.7606;623946.0;919.0;America/Denver;2
Denver;Denver;CO;Colorado;39.7621;-104.8759;2787266.0;1774.0;America/Denver;1
Fort Collins;Fort Collins;CO;Colorado;40.5475;-105.0651;303184.0;1124.0;America/Denver;2
Grand Junction;Grand Junction;CO;Colorado;39.0877;-108.5673;136688.0;612.0;America/Denver;2
Greeley;Greeley;CO;Colorado;40.4151;-104.7705;133750.0;833.0;America/Denver;2
Highlands Ranch;Highlands Ranch;CO;Colorado;39.5419;-104.9708;105264.0;1674.0;America/Denver;2
Lakewood;Lakewood;CO;Colorado;39.6977;-105.1168;154958.0;1389.0;America/Denver;2
Longmont;Longmont;CO;Colorado;40.169;-105.0996;99398.0;1321.0;America/Denver;3
Pueblo;Pueblo;CO;Colorado;38.2713;-104.6105;142351.0;768.0;America/Denver;2
Thornton;Thornton;CO;Colorado;39.9205;-104.9443;136978.0;1497.0;America/Denver;2
Westminster;Westminster;CO;Colorado;39.8837;-105.0624;112812.0;1379.0;America/Denver;2
Bridgeport;Bridgeport;CT;Connecticut;41.1918;-73.1953;938406.0;3523.0;America/New_York;2
Bristol;Bristol;CT;Connecticut;41.6812;-72.9407;60223.0;880.0;America/New_York;3
Danbury;Danbury;CT;Connecticut;41.4016;-73.471;177177.0;784.0;America/New_York;2
Hartford;Hartford;CT;Connecticut;41.7661;-72.6834;914751.0;2741.0;America/New_York;2
Meriden;Meriden;CT;Connecticut;41.5367;-72.7944;59927.0;972.0;America/New_York;3
Middletown;Middletown;CT;Connecticut;41.5476;-72.6549;46478.0;437.0;America/New_York;3
Milford city ;Milford city ;CT;Connecticut;41.2255;-73.0625;52970.0;933.0;America/New_York;3
New Britain;New Britain;CT;Connecticut;41.6758;-72.7862;72710.0;2102.0;America/New_York;2
New Haven;New Haven;CT;Connecticut;41.3112;-72.9246;568144.0;2706.0;America/New_York;2
Norwalk;Norwalk;CT;Connecticut;41.1144;-73.4215;89005.0;1501.0;America/New_York;3
Norwich;Norwich;CT;Connecticut;41.5495;-72.0882;203916.0;543.0;America/New_York;2
Shelton;Shelton;CT;Connecticut;41.306;-73.1383;41397.0;521.0;America/New_York;3
Stamford;Stamford;CT;Connecticut;41.1035;-73.5583;130824.0;1342.0;America/New_York;2
Waterbury;Waterbury;CT;Connecticut;41.5583;-73.0361;191484.0;1470.0;America/New_York;2
West Haven;West Haven;CT;Connecticut;41.2739;-72.9672;54843.0;1969.0;America/New_York;3
Bear;Bear;DE;Delaware;39.6188;-75.6804;20401.0;1379.0;America/New_York;3
Brookside;Brookside;DE;Delaware;39.6666;-75.7153;13554.0;1325.0;America/New_York;3
Dover;Dover;DE;Delaware;39.161;-75.5203;115352.0;612.0;America/New_York;2
Georgetown;Georgetown;DE;Delaware;38.6899;-75.3872;10255.0;547.0;America/New_York;3
Glasgow;Glasgow;DE;Delaware;39.6015;-75.7474;15280.0;594.0;America/New_York;3
Hockessin;Hockessin;DE;Delaware;39.7837;-75.6815;13672.0;525.0;America/New_York;3
Lewes;Lewes;DE;Delaware;38.7781;-75.1454;27087.0;308.0;America/New_York;3
Middletown;Middletown;DE;Delaware;39.4453;-75.7166;34132.0;715.0;America/New_York;3
Milford;Milford;DE;Delaware;38.9091;-75.4224;20864.0;438.0;America/New_York;3
Millsboro;Millsboro;DE;Delaware;38.5865;-75.3019;10578.0;453.0;America/New_York;3
Newark;Newark;DE;Delaware;39.6776;-75.7573;33858.0;1422.0;America/New_York;3
Ocean View;Ocean View;DE;Delaware;38.5357;-75.0991;13809.0;307.0;America/New_York;3
Pike Creek Valley;Pike Creek Valley;DE;Delaware;39.7296;-75.6993;10823.0;1617.0;America/New_York;3
Smyrna;Smyrna;DE;Delaware;39.2922;-75.6076;11584.0;746.0;America/New_York;3
Wilmington;Wilmington;DE;Delaware;39.7415;-75.5413;71106.0;2517.0;America/New_York;2
Washington;Washington;DC;District of Columbia;38.9047;-77.0163;5289420.0;4382.0;America/New_York;1
Bonita Springs;Bonita Springs;FL;Florida;26.3559;-81.7861;396220.0;558.0;America/New_York;2
Brandon;Brandon;FL;Florida;27.9367;-82.3;113124.0;1319.0;America/New_York;2
Cape Coral;Cape Coral;FL;Florida;26.6445;-81.9955;630134.0;669.0;America/New_York;2
Clearwater;Clearwater;FL;Florida;27.9788;-82.7624;115513.0;1716.0;America/New_York;2
Coral Springs;Coral Springs;FL;Florida;26.2702;-80.2591;133037.0;2246.0;America/New_York;2
Davie;Davie;FL;Florida;26.0789;-80.287;105149.0;1160.0;America/New_York;2
Deltona;Deltona;FL;Florida;28.905;-81.2136;194061.0;939.0;America/New_York;2
Fort Lauderdale;Fort Lauderdale;FL;Florida;26.1412;-80.1464;180072.0;2010.0;America/New_York;2
Gainesville;Gainesville;FL;Florida;29.6804;-82.3458;199695.0;810.0;America/New_York;2
Hialeah;Hialeah;FL;Florida;25.8696;-80.3046;239673.0;4317.0;America/New_York;2
Hollywood;Hollywood;FL;Florida;26.0294;-80.1679;153627.0;2175.0;America/New_York;2
Jacksonville;Jacksonville;FL;Florida;30.3322;-81.6749;1156291.0;460.0;America/New_York;1
Kissimmee;Kissimmee;FL;Florida;28.3042;-81.4164;374231.0;1318.0;America/New_York;2
Lakeland;Lakeland;FL;Florida;28.0557;-81.9545;291281.0;630.0;America/New_York;2
Leesburg;Leesburg;FL;Florida;28.7658;-81.8995;148161.0;239.0;America/New_York;2
Lehigh Acres;Lehigh Acres;FL;Florida;26.612;-81.6388;116849.0;486.0;America/New_York;2
Miami;Miami;FL;Florida;25.7839;-80.2102;6381966.0;4969.0;America/New_York;1
Miami Gardens;Miami Gardens;FL;Florida;25.9433;-80.2426;113750.0;2408.0;America/New_York;2
Miramar;Miramar;FL;Florida;25.9773;-80.3351;140328.0;1879.0;America/New_York;2
North Port;North Port;FL;Florida;27.0577;-82.1975;195992.0;257.0;America/New_York;2
Ocala;Ocala;FL;Florida;29.178;-82.1511;164712.0;482.0;America/New_York;2
Orlando;Orlando;FL;Florida;28.4772;-81.3369;1776841.0;982.0;America/New_York;1
Palm Bay;Palm Bay;FL;Florida;27.955;-80.6628;489912.0;440.0;America/New_York;2
Palm Coast;Palm Coast;FL;Florida;29.5392;-81.246;401757.0;351.0;America/New_York;2
Panama City;Panama City;FL;Florida;30.1995;-85.6003;145239.0;408.0;America/Chicago;2
Pembroke Pines;Pembroke Pines;FL;Florida;26.0128;-80.3382;170712.0;2009.0;America/New_York;2
Pensacola;Pensacola;FL;Florida;30.4427;-87.1886;344400.0;897.0;America/Chicago;2
Pompano Beach;Pompano Beach;FL;Florida;26.2428;-80.1312;110473.0;1775.0;America/New_York;2
Port St. Lucie;Port St. Lucie;FL;Florida;27.2796;-80.3884;432589.0;613.0;America/New_York;2
Sarasota;Sarasota;FL;Florida;27.3386;-82.543;706245.0;1494.0;America/New_York;2
Spring Hill;Spring Hill;FL;Florida;28.4797;-82.53;104722.0;675.0;America/New_York;2
St. Petersburg;St. Petersburg;FL;Florida;27.793;-82.6652;263255.0;1643.0;America/New_York;2
Tallahassee;Tallahassee;FL;Florida;30.4551;-84.2527;253030.0;734.0;America/New_York;2
Tampa;Tampa;FL;Florida;27.9942;-82.4451;2804240.0;1305.0;America/New_York;1
West Palm Beach;West Palm Beach;FL;Florida;26.7469;-80.1316;110222.0;775.0;America/New_York;2
Winter Haven;Winter Haven;FL;Florida;28.0118;-81.7017;245237.0;497.0;America/New_York;2
Albany;Albany;GA;Georgia;31.5776;-84.1762;90515.0;513.0;America/New_York;3
Alpharetta;Alpharetta;GA;Georgia;34.0703;-84.2738;65799.0;944.0;America/New_York;3
Athens;Athens;GA;Georgia;33.9508;-83.3689;140169.0;417.0;America/New_York;2
Atlanta;Atlanta;GA;Georgia;33.7627;-84.4225;5228750.0;1384.0;America/New_York;1
Augusta;Augusta;GA;Georgia;33.3645;-82.0708;389383.0;251.0;America/New_York;2
Columbus;Columbus;GA;Georgia;32.51;-84.8771;259160.0;346.0;America/New_York;2
Dalton;Dalton;GA;Georgia;34.7691;-84.9712;86841.0;634.0;America/New_York;3
Gainesville;Gainesville;GA;Georgia;34.2902;-83.8303;156248.0;475.0;America/New_York;2
Johns Creek;Johns Creek;GA;Georgia;34.0333;-84.2026;84350.0;1056.0;America/New_York;3
Macon;Macon;GA;Georgia;32.8065;-83.6974;152663.0;236.0;America/New_York;2
Roswell;Roswell;GA;Georgia;34.0391;-84.3513;94786.0;898.0;America/New_York;3
Sandy Springs;Sandy Springs;GA;Georgia;33.9366;-84.3703;106739.0;1094.0;America/New_York;2
Savannah;Savannah;GA;Georgia;32.0281;-81.1785;280082.0;544.0;America/New_York;2
Valdosta;Valdosta;GA;Georgia;30.8502;-83.2788;79294.0;602.0;America/New_York;3
Warner Robins;Warner Robins;GA;Georgia;32.5975;-83.6526;149617.0;792.0;America/New_York;2
East Honolulu;East Honolulu;HI;Hawaii;21.2975;-157.7211;47868.0;803.0;Pacific/Honolulu;3
Ewa Gentry;Ewa Gentry;HI;Hawaii;21.3344;-158.0262;24181.0;4382.0;Pacific/Honolulu;2
Hilo;Hilo;HI;Hawaii;19.6886;-155.0864;45703.0;330.0;Pacific/Honolulu;3
Honolulu;Honolulu;HI;Hawaii;21.3294;-157.846;833671.0;2234.0;Pacific/Honolulu;2
Kahului;Kahului;HI;Hawaii;20.8715;-156.4603;30706.0;824.0;Pacific/Honolulu;3
Kailua;Kailua;HI;Hawaii;21.392;-157.7396;38088.0;1893.0;Pacific/Honolulu;3
Kaneohe;Kaneohe;HI;Hawaii;21.4062;-157.7904;34123.0;2017.0;Pacific/Honolulu;2
Kapolei;Kapolei;HI;Hawaii;21.3403;-158.0665;21086.0;1967.0;Pacific/Honolulu;3
Kihei;Kihei;HI;Hawaii;20.7653;-156.4454;22220.0;916.0;Pacific/Honolulu;3
Makakilo;Makakilo;HI;Hawaii;21.3591;-158.0813;20615.0;2085.0;Pacific/Honolulu;2
Mililani Mauka;Mililani Mauka;HI;Hawaii;21.4756;-157.9947;20393.0;1979.0;Pacific/Honolulu;3
Mililani Town;Mililani Town;HI;Hawaii;21.4465;-158.0147;28343.0;2729.0;Pacific/Honolulu;2
Pearl City;Pearl City;HI;Hawaii;21.4031;-157.9566;46259.0;1960.0;Pacific/Honolulu;3
Schofield Barracks;Schofield Barracks;HI;Hawaii;21.4936;-158.0617;20229.0;2818.0;Pacific/Honolulu;2
Waipahu;Waipahu;HI;Hawaii;21.3858;-158.0103;41715.0;6076.0;Pacific/Honolulu;2
Boise;Boise;ID;Idaho;43.6007;-116.2312;385218.0;1045.0;America/Boise;2
Caldwell;Caldwell;ID;Idaho;43.6454;-116.6599;54660.0;950.0;America/Boise;3
Coeur d'Alene;Coeur d'Alene;ID;Idaho;47.704;-116.7933;112935.0;1226.0;America/Los_Angeles;2
Eagle;Eagle;ID;Idaho;43.7223;-116.3861;26089.0;330.0;America/Boise;3
Idaho Falls;Idaho Falls;ID;Idaho;43.4872;-112.0363;97548.0;1009.0;America/Boise;3
Kuna;Kuna;ID;Idaho;43.4863;-116.3982;19230.0;386.0;America/Boise;3
Lewiston;Lewiston;ID;Idaho;46.3934;-116.9934;53436.0;732.0;America/Los_Angeles;3
Meridian;Meridian;ID;Idaho;43.6112;-116.3968;99926.0;1148.0;America/Boise;3
Moscow;Moscow;ID;Idaho;46.7307;-116.9986;25579.0;1405.0;America/Los_Angeles;3
Mountain Home;Mountain Home;ID;Idaho;43.1325;-115.697;16552.0;906.0;America/Boise;3
Nampa;Nampa;ID;Idaho;43.5843;-116.5628;173863.0;1122.0;America/Boise;2
Pocatello;Pocatello;ID;Idaho;42.8716;-112.4652;71020.0;651.0;America/Boise;3
Post Falls;Post Falls;ID;Idaho;47.7203;-116.9396;33290.0;880.0;America/Los_Angeles;3
Rexburg;Rexburg;ID;Idaho;43.8222;-111.7924;29859.0;1114.0;America/Boise;3
Twin Falls;Twin Falls;ID;Idaho;42.5648;-114.4617;54455.0;983.0;America/Boise;3
Alton;Alton;IL;Illinois;38.9033;-90.1523;80462.0;665.0;America/Chicago;3
Aurora;Aurora;IL;Illinois;41.7637;-88.2901;200965.0;1723.0;America/Chicago;2
Bloomington;Bloomington;IL;Illinois;40.4757;-88.9703;134892.0;1108.0;America/Chicago;2
Champaign;Champaign;IL;Illinois;40.1144;-88.2735;156794.0;1478.0;America/Chicago;2
Chicago;Chicago;IL;Illinois;41.8373;-87.6862;8675982.0;4612.0;America/Chicago;1
Cicero;Cicero;IL;Illinois;41.8445;-87.7593;82552.0;5434.0;America/Chicago;2
Decatur;Decatur;IL;Illinois;39.8556;-88.9337;88997.0;658.0;America/Chicago;3
Elgin;Elgin;IL;Illinois;42.0385;-88.3229;112456.0;1157.0;America/Chicago;2
Joliet;Joliet;IL;Illinois;41.5189;-88.1499;148462.0;893.0;America/Chicago;2
Naperville;Naperville;IL;Illinois;41.7483;-88.1657;147682.0;1469.0;America/Chicago;2
Peoria;Peoria;IL;Illinois;40.7521;-89.6155;262010.0;903.0;America/Chicago;2
Rockford;Rockford;IL;Illinois;42.2598;-89.0641;285562.0;882.0;America/Chicago;2
Round Lake Beach;Round Lake Beach;IL;Illinois;42.379;-88.0811;284607.0;2112.0;America/Chicago;2
Springfield;Springfield;IL;Illinois;39.771;-89.6537;159394.0;727.0;America/Chicago;2
Waukegan;Waukegan;IL;Illinois;42.3697;-87.8716;87729.0;1396.0;America/Chicago;3
Anderson;Anderson;IN;Indiana;40.0874;-85.692;86481.0;498.0;America/Indiana/Indianapolis;3
Bloomington;Bloomington;IN;Indiana;39.1637;-86.5257;114959.0;1412.0;America/Indiana/Indianapolis;2
Carmel;Carmel;IN;Indiana;39.9658;-86.1461;92198.0;750.0;America/Indiana/Indianapolis;3
Elkhart;Elkhart;IN;Indiana;41.6912;-85.962;148131.0;748.0;America/Indiana/Indianapolis;2
Evansville;Evansville;IN;Indiana;37.9881;-87.5341;232285.0;970.0;America/Chicago;2
Fishers;Fishers;IN;Indiana;39.9589;-85.9665;91832.0;1005.0;America/Indiana/Indianapolis;3
Fort Wayne;Fort Wayne;IN;Indiana;41.0885;-85.1436;328564.0;928.0;America/Indiana/Indianapolis;2
Gary;Gary;IN;Indiana;41.5906;-87.3472;76008.0;590.0;America/Chicago;3
Hammond;Hammond;IN;Indiana;41.6169;-87.4909;76618.0;1299.0;America/Chicago;3
Indianapolis;Indianapolis;IN;Indiana;39.7771;-86.1458;1564699.0;921.0;America/Indiana/Indianapolis;1
Kokomo;Kokomo;IN;Indiana;40.464;-86.1277;79099.0;610.0;America/Indiana/Indianapolis;3
Lafayette;Lafayette;IN;Indiana;40.399;-86.8593;159293.0;951.0;America/Indiana/Indianapolis;2
Muncie;Muncie;IN;Indiana;40.1989;-85.395;88688.0;966.0;America/Indiana/Indianapolis;3
South Bend;South Bend;IN;Indiana;41.6771;-86.2692;281100.0;950.0;America/Indiana/Indianapolis;2
Terre Haute;Terre Haute;IN;Indiana;39.4654;-87.3763;92722.0;679.0;America/Indiana/Indianapolis;3
Ames;Ames;IA;Iowa;42.0258;-93.6216;68156.0;935.0;America/Chicago;3
Ankeny;Ankeny;IA;Iowa;41.7284;-93.6034;62416.0;804.0;America/Chicago;3
Bettendorf;Bettendorf;IA;Iowa;41.5656;-90.4764;35813.0;649.0;America/Chicago;3
Cedar Falls;Cedar Falls;IA;Iowa;42.5195;-92.4534;41570.0;554.0;America/Chicago;3
Cedar Rapids;Cedar Rapids;IA;Iowa;41.9667;-91.6781;186160.0;720.0;America/Chicago;2
Council Bluffs;Council Bluffs;IA;Iowa;41.2369;-95.8518;62316.0;561.0;America/Chicago;3
Davenport;Davenport;IA;Iowa;41.5563;-90.6052;287413.0;621.0;America/Chicago;2
Des Moines;Des Moines;IA;Iowa;41.5725;-93.6105;481222.0;952.0;America/Chicago;2
Dubuque;Dubuque;IA;Iowa;42.5007;-90.7067;68573.0;734.0;America/Chicago;3
Iowa City;Iowa City;IA;Iowa;41.6559;-91.5304;119091.0;1143.0;America/Chicago;2
Marion;Marion;IA;Iowa;42.0452;-91.5847;39400.0;864.0;America/Chicago;3
Sioux City;Sioux City;IA;Iowa;42.4959;-96.3901;106279.0;545.0;America/Chicago;2
Urbandale;Urbandale;IA;Iowa;41.639;-93.7813;43592.0;748.0;America/Chicago;3
Waterloo;Waterloo;IA;Iowa;42.492;-92.3522;112060.0;424.0;America/Chicago;2
West Des Moines;West Des Moines;IA;Iowa;41.5522;-93.7805;65608.0;537.0;America/Chicago;3
Garden City;Garden City;KS;Kansas;37.9754;-100.8528;30206.0;962.0;America/Chicago;3
Hutchinson;Hutchinson;KS;Kansas;38.0671;-97.9081;42940.0;640.0;America/Chicago;3
Junction City;Junction City;KS;Kansas;39.0271;-96.8497;38178.0;799.0;America/Chicago;3
Kansas City;Kansas City;KS;Kansas;39.1234;-94.7443;152938.0;473.0;America/Chicago;2
Lawrence;Lawrence;KS;Kansas;38.9598;-95.2641;97341.0;1095.0;America/Chicago;3
Leavenworth;Leavenworth;KS;Kansas;39.3233;-94.9244;46517.0;570.0;America/Chicago;3
Leawood;Leawood;KS;Kansas;38.9075;-94.6258;34659.0;886.0;America/Chicago;3
Lenexa;Lenexa;KS;Kansas;38.9609;-94.8018;53553.0;606.0;America/Chicago;3
Manhattan;Manhattan;KS;Kansas;39.1885;-96.6047;57284.0;1067.0;America/Chicago;3
Olathe;Olathe;KS;Kansas;38.8832;-94.8198;137472.0;861.0;America/Chicago;2
Overland Park;Overland Park;KS;Kansas;38.887;-94.687;191278.0;982.0;America/Chicago;2
Salina;Salina;KS;Kansas;38.8137;-97.6143;46782.0;704.0;America/Chicago;3
Shawnee;Shawnee;KS;Kansas;39.0158;-94.8076;65513.0;602.0;America/Chicago;3
Topeka;Topeka;KS;Kansas;39.0346;-95.6955;148960.0;795.0;America/Chicago;2
Wichita;Wichita;KS;Kansas;37.6897;-97.3441;483057.0;935.0;America/Chicago;2
Bowling Green;Bowling Green;KY;Kentucky;36.9715;-86.4375;90448.0;668.0;America/Chicago;3
Covington;Covington;KY;Kentucky;39.0334;-84.5166;40455.0;1183.0;America/New_York;3
Elizabethtown;Elizabethtown;KY;Kentucky;37.703;-85.8769;77317.0;434.0;America/New_York;3
Florence;Florence;KY;Kentucky;38.99;-84.6471;32305.0;1169.0;America/New_York;3
Frankfort;Frankfort;KY;Kentucky;38.1924;-84.8643;38664.0;722.0;America/New_York;2
Georgetown;Georgetown;KY;Kentucky;38.2251;-84.5481;35586.0;786.0;America/New_York;3
Hopkinsville;Hopkinsville;KY;Kentucky;36.8383;-87.4779;31681.0;375.0;America/Chicago;3
Lexington;Lexington;KY;Kentucky;38.0423;-84.4587;315939.0;438.0;America/New_York;2
London;London;KY;Kentucky;37.1209;-84.0804;37424.0;295.0;America/New_York;3
Louisville;Louisville;KY;Kentucky;38.1663;-85.6485;1011696.0;910.0;America/New_York;1
Nicholasville;Nicholasville;KY;Kentucky;37.8904;-84.5668;30600.0;842.0;America/New_York;3
Owensboro;Owensboro;KY;Kentucky;37.7573;-87.1174;73173.0;1121.0;America/Chicago;3
Paducah;Paducah;KY;Kentucky;37.0711;-88.6435;48629.0;476.0;America/Chicago;3
Richmond;Richmond;KY;Kentucky;37.7306;-84.2926;40111.0;672.0;America/New_York;3
Somerset;Somerset;KY;Kentucky;37.0816;-84.6089;29633.0;381.0;America/New_York;3
Alexandria;Alexandria;LA;Louisiana;31.2923;-92.4702;82131.0;641.0;America/Chicago;3
Baton Rouge;Baton Rouge;LA;Louisiana;30.4419;-91.131;583613.0;1006.0;America/Chicago;2
Bossier City;Bossier City;LA;Louisiana;32.5227;-93.6667;68554.0;608.0;America/Chicago;3
Hammond;Hammond;LA;Louisiana;30.5061;-90.4563;69180.0;563.0;America/Chicago;3
Houma;Houma;LA;Louisiana;29.5799;-90.7058;142969.0;890.0;America/Chicago;2
Kenner;Kenner;LA;Louisiana;30.0109;-90.2549;67451.0;1750.0;America/Chicago;3
Lafayette;Lafayette;LA;Louisiana;30.2084;-92.0323;265746.0;882.0;America/Chicago;2
Lake Charles;Lake Charles;LA;Louisiana;30.2022;-93.2141;153633.0;688.0;America/Chicago;2
Mandeville;Mandeville;LA;Louisiana;30.375;-90.0906;94760.0;684.0;America/Chicago;3
Marrero;Marrero;LA;Louisiana;29.8871;-90.1126;31425.0;1685.0;America/Chicago;3
Metairie;Metairie;LA;Louisiana;29.9976;-90.1781;144822.0;2407.0;America/Chicago;2
Monroe;Monroe;LA;Louisiana;32.5183;-92.0775;115462.0;637.0;America/Chicago;2
New Orleans;New Orleans;LA;Louisiana;30.0687;-89.9288;1029123.0;896.0;America/Chicago;1
Shreveport;Shreveport;LA;Louisiana;32.4659;-93.7959;287432.0;692.0;America/Chicago;2
Slidell;Slidell;LA;Louisiana;30.2881;-89.7826;93882.0;702.0;America/Chicago;3
Auburn;Auburn;ME;Maine;44.085;-70.2492;23033.0;149.0;America/New_York;3
Augusta;Augusta;ME;Maine;44.3341;-69.7319;21994.0;130.0;America/New_York;3
Bangor;Bangor;ME;Maine;44.8322;-68.7906;59107.0;359.0;America/New_York;3
Biddeford;Biddeford;ME;Maine;43.4673;-70.4511;21488.0;275.0;America/New_York;3
Lewiston;Lewiston;ME;Maine;44.0915;-70.1681;58796.0;409.0;America/New_York;3
Portland;Portland;ME;Maine;43.6773;-70.2715;206023.0;1197.0;America/New_York;2
Saco;Saco;ME;Maine;43.539;-70.4624;19485.0;195.0;America/New_York;3
Sanford;Sanford;ME;Maine;43.4244;-70.7573;29264.0;169.0;America/New_York;3
South Portland;South Portland;ME;Maine;43.6309;-70.2895;25483.0;816.0;America/New_York;3
Waterville;Waterville;ME;Maine;44.5441;-69.6624;27123.0;473.0;America/New_York;3
Westbrook;Westbrook;ME;Maine;43.6954;-70.3539;18730.0;420.0;America/New_York;3
Baltimore;Baltimore;MD;Maryland;39.3051;-76.6144;2170504.0;2917.0;America/New_York;1
Bethesda;Bethesda;MD;Maryland;38.9866;-77.1188;63168.0;1839.0;America/New_York;3
Bowie;Bowie;MD;Maryland;38.9574;-76.7422;58859.0;1185.0;America/New_York;3
Columbia;Columbia;MD;Maryland;39.2004;-76.859;103170.0;1247.0;America/New_York;2
Dundalk;Dundalk;MD;Maryland;39.2703;-76.4942;62516.0;1847.0;America/New_York;3
Ellicott City;Ellicott City;MD;Maryland;39.2773;-76.8344;71737.0;924.0;America/New_York;3
Frederick;Frederick;MD;Maryland;39.4336;-77.4157;154972.0;1190.0;America/New_York;2
Gaithersburg;Gaithersburg;MD;Maryland;39.1346;-77.2132;68710.0;2571.0;America/New_York;2
Germantown;Germantown;MD;Maryland;39.1755;-77.2643;91447.0;2073.0;America/New_York;2
Glen Burnie;Glen Burnie;MD;Maryland;39.1559;-76.6072;68768.0;1532.0;America/New_York;3
Hagerstown;Hagerstown;MD;Maryland;39.6402;-77.7217;185704.0;1279.0;America/New_York;2
Rockville;Rockville;MD;Maryland;39.0834;-77.1553;68401.0;1942.0;America/New_York;3
Salisbury;Salisbury;MD;Maryland;38.3755;-75.5867;106034.0;924.0;America/New_York;2
Silver Spring;Silver Spring;MD;Maryland;39.0028;-77.0207;79483.0;3892.0;America/New_York;2
Waldorf;Waldorf;MD;Maryland;38.6085;-76.9195;73223.0;779.0;America/New_York;3
Barnstable Town;Barnstable Town;MA;Massachusetts;41.6722;-70.3599;241132.0;284.0;America/New_York;2
Boston;Boston;MA;Massachusetts;42.3188;-71.0846;4637537.0;5472.0;America/New_York;1
Brockton;Brockton;MA;Massachusetts;42.0821;-71.0242;95672.0;1731.0;America/New_York;3
Cambridge;Cambridge;MA;Massachusetts;42.3759;-71.1185;113630.0;6862.0;America/New_York;2
Fall River;Fall River;MA;Massachusetts;41.7137;-71.1014;89420.0;1042.0;America/New_York;3
Lawrence;Lawrence;MA;Massachusetts;42.7003;-71.1626;80162.0;4465.0;America/New_York;2
Leominster;Leominster;MA;Massachusetts;42.5209;-71.7717;119400.0;557.0;America/New_York;2
Lowell;Lowell;MA;Massachusetts;42.6389;-71.3217;111346.0;3159.0;America/New_York;2
Lynn;Lynn;MA;Massachusetts;42.4779;-70.9663;94063.0;3380.0;America/New_York;2
New Bedford;New Bedford;MA;Massachusetts;41.6697;-70.9428;149528.0;1836.0;America/New_York;2
Newton;Newton;MA;Massachusetts;42.3316;-71.2085;88994.0;1927.0;America/New_York;3
Quincy;Quincy;MA;Massachusetts;42.2516;-71.0183;94166.0;2194.0;America/New_York;2
Somerville;Somerville;MA;Massachusetts;42.3908;-71.1013;81360.0;7616.0;America/New_York;2
Springfield;Springfield;MA;Massachusetts;42.1155;-72.5395;628076.0;1874.0;America/New_York;2
Worcester;Worcester;MA;Massachusetts;42.2705;-71.8079;498997.0;1918.0;America/New_York;2
Ann Arbor;Ann Arbor;MI;Michigan;42.2755;-83.7312;326288.0;1680.0;America/Detroit;2
Dearborn;Dearborn;MI;Michigan;42.3127;-83.2129;94491.0;1505.0;America/Detroit;3
Detroit;Detroit;MI;Michigan;42.3834;-83.1024;3522206.0;1873.0;America/Detroit;1
Flint;Flint;MI;Michigan;43.0235;-83.6922;335354.0;1113.0;America/Detroit;2
Grand Rapids;Grand Rapids;MI;Michigan;42.9615;-85.6557;602694.0;1727.0;America/Detroit;2
Holland;Holland;MI;Michigan;42.7677;-86.0984;100885.0;772.0;America/Detroit;2
Jackson;Jackson;MI;Michigan;42.2431;-84.4037;87819.0;1162.0;America/Detroit;3
Kalamazoo;Kalamazoo;MI;Michigan;42.2749;-85.5882;214083.0;1186.0;America/Detroit;2
Lansing;Lansing;MI;Michigan;42.7142;-84.5601;320928.0;1153.0;America/Detroit;2
Livonia;Livonia;MI;Michigan;42.3972;-83.3733;94105.0;1017.0;America/Detroit;3
Muskegon;Muskegon;MI;Michigan;43.2281;-86.2562;160142.0;1040.0;America/Detroit;2
Saginaw;Saginaw;MI;Michigan;43.4199;-83.9501;119336.0;1100.0;America/Detroit;2
South Lyon;South Lyon;MI;Michigan;42.4614;-83.6526;123850.0;1211.0;America/Detroit;2
Sterling Heights;Sterling Heights;MI;Michigan;42.5809;-83.0305;132631.0;1405.0;America/Detroit;2
Warren;Warren;MI;Michigan;42.4934;-83.027;135022.0;1517.0;America/Detroit;2
Blaine;Blaine;MN;Minnesota;45.1696;-93.2078;64557.0;757.0;America/Chicago;3
Bloomington;Bloomington;MN;Minnesota;44.8306;-93.3151;85866.0;955.0;America/Chicago;3
Brooklyn Park;Brooklyn Park;MN;Minnesota;45.1112;-93.3505;80581.0;1193.0;America/Chicago;3
Coon Rapids;Coon Rapids;MN;Minnesota;45.1755;-93.3095;62656.0;1070.0;America/Chicago;3
Duluth;Duluth;MN;Minnesota;46.7757;-92.1392;120101.0;463.0;America/Chicago;2
Eagan;Eagan;MN;Minnesota;44.8169;-93.1638;66627.0;824.0;America/Chicago;3
Eden Prairie;Eden Prairie;MN;Minnesota;44.8488;-93.4595;64400.0;764.0;America/Chicago;3
Lakeville;Lakeville;MN;Minnesota;44.6776;-93.2521;63748.0;681.0;America/Chicago;3
Maple Grove;Maple Grove;MN;Minnesota;45.1089;-93.4626;71066.0;842.0;America/Chicago;3
Minneapolis;Minneapolis;MN;Minnesota;44.9635;-93.2678;2926757.0;3019.0;America/Chicago;1
Plymouth;Plymouth;MN;Minnesota;45.0224;-93.4615;78395.0;925.0;America/Chicago;3
Rochester;Rochester;MN;Minnesota;44.0151;-92.4778;116713.0;809.0;America/Chicago;2
St. Cloud;St. Cloud;MN;Minnesota;45.5339;-94.1718;114225.0;656.0;America/Chicago;2
St. Paul;St. Paul;MN;Minnesota;44.9477;-93.104;306621.0;2277.0;America/Chicago;2
Woodbury;Woodbury;MN;Minnesota;44.9056;-92.923;69756.0;771.0;America/Chicago;3
Biloxi;Biloxi;MS;Mississippi;30.4422;-88.9512;45908.0;412.0;America/Chicago;3
Columbus;Columbus;MS;Mississippi;33.5088;-88.4097;31701.0;370.0;America/Chicago;3
Greenville;Greenville;MS;Mississippi;33.385;-91.0514;31243.0;440.0;America/Chicago;3
Gulfport;Gulfport;MS;Mississippi;30.4271;-89.0703;221348.0;498.0;America/Chicago;2
Hattiesburg;Hattiesburg;MS;Mississippi;31.3074;-89.317;81036.0;335.0;America/Chicago;3
Horn Lake;Horn Lake;MS;Mississippi;34.9512;-90.0501;27095.0;651.0;America/Chicago;3
Jackson;Jackson;MS;Mississippi;32.3163;-90.2124;338185.0;580.0;America/Chicago;2
Meridian;Meridian;MS;Mississippi;32.3846;-88.6897;38294.0;272.0;America/Chicago;3
Olive Branch;Olive Branch;MS;Mississippi;34.961;-89.8469;37435.0;388.0;America/Chicago;3
Oxford;Oxford;MS;Mississippi;34.3609;-89.5286;32203.0;553.0;America/Chicago;3
Pascagoula;Pascagoula;MS;Mississippi;30.3665;-88.5507;48946.0;545.0;America/Chicago;3
Southaven;Southaven;MS;Mississippi;34.9514;-89.9787;54031.0;504.0;America/Chicago;3
Starkville;Starkville;MS;Mississippi;33.4608;-88.8297;32164.0;383.0;America/Chicago;3
Tupelo;Tupelo;MS;Mississippi;34.2691;-88.7318;45231.0;228.0;America/Chicago;3
Vicksburg;Vicksburg;MS;Mississippi;32.3173;-90.8868;27357.0;263.0;America/Chicago;3
Blue Springs;Blue Springs;MO;Missouri;39.0123;-94.2722;54945.0;948.0;America/Chicago;3
Cape Girardeau;Cape Girardeau;MO;Missouri;37.3108;-89.5596;54588.0;521.0;America/Chicago;3
Columbia;Columbia;MO;Missouri;38.9477;-92.3255;139945.0;716.0;America/Chicago;2
Florissant;Florissant;MO;Missouri;38.7996;-90.3269;51443.0;1576.0;America/Chicago;3
Independence;Independence;MO;Missouri;39.0871;-94.3503;117306.0;581.0;America/Chicago;2
Jefferson City;Jefferson City;MO;Missouri;38.5676;-92.1759;58279.0;459.0;America/Chicago;2
Joplin;Joplin;MO;Missouri;37.0759;-94.5006;86298.0;535.0;America/Chicago;3
Kansas City;Kansas City;MO;Missouri;39.1239;-94.5541;1615621.0;599.0;America/Chicago;1
Lee's Summit;Lee's Summit;MO;Missouri;38.9172;-94.3816;90597.0;588.0;America/Chicago;3
O'Fallon;O'Fallon;MO;Missouri;38.7851;-90.7177;87597.0;1138.0;America/Chicago;3
Springfield;Springfield;MO;Missouri;37.1943;-93.2915;287222.0;784.0;America/Chicago;2
St. Charles;St. Charles;MO;Missouri;38.7956;-90.5156;70329.0;1099.0;America/Chicago;3
St. Joseph;St. Joseph;MO;Missouri;39.7598;-94.821;80818.0;670.0;America/Chicago;3
St. Louis;St. Louis;MO;Missouri;38.6358;-90.2451;2078283.0;1929.0;America/Chicago;1
St. Peters;St. Peters;MO;Missouri;38.7825;-90.6061;57178.0;981.0;America/Chicago;3
Belgrade;Belgrade;MT;Montana;45.7796;-111.1751;15975.0;867.0;America/Denver;3
Billings;Billings;MT;Montana;45.7889;-108.5509;120800.0;962.0;America/Denver;2
Bozeman;Bozeman;MT;Montana;45.6828;-111.0549;53949.0;894.0;America/Denver;3
Butte;Butte;MT;Montana;45.902;-112.6571;30628.0;18.0;America/Denver;3
Great Falls;Great Falls;MT;Montana;47.5022;-111.2995;65624.0;990.0;America/Denver;3
Havre;Havre;MT;Montana;48.5427;-109.6804;10148.0;1018.0;America/Denver;3
Helena;Helena;MT;Montana;46.5965;-112.0199;50227.0;726.0;America/Denver;2
Kalispell;Kalispell;MT;Montana;48.2156;-114.3261;37024.0;747.0;America/Denver;3
Missoula;Missoula;MT;Montana;46.8685;-114.0095;90218.0;967.0;America/Denver;3
Beatrice;Beatrice;NE;Nebraska;40.2738;-96.7455;12242.0;505.0;America/Chicago;3
Bellevue;Bellevue;NE;Nebraska;41.1536;-95.9357;53424.0;1244.0;America/Chicago;3
Columbus;Columbus;NE;Nebraska;41.4361;-97.3561;23123.0;874.0;America/Chicago;3
Fremont;Fremont;NE;Nebraska;41.4396;-96.4879;27533.0;980.0;America/Chicago;3
Grand Island;Grand Island;NE;Nebraska;40.9214;-98.3584;53424.0;667.0;America/Chicago;3
Hastings;Hastings;NE;Nebraska;40.5963;-98.3914;24391.0;662.0;America/Chicago;3
Kearney;Kearney;NE;Nebraska;40.7008;-99.0847;34386.0;927.0;America/Chicago;3
La Vista;La Vista;NE;Nebraska;41.1816;-96.0665;17116.0;1217.0;America/Chicago;3
Lincoln;Lincoln;NE;Nebraska;40.8088;-96.6796;285118.0;1159.0;America/Chicago;2
Norfolk;Norfolk;NE;Nebraska;42.0328;-97.4209;27016.0;835.0;America/Chicago;3
North Platte;North Platte;NE;Nebraska;41.1266;-100.764;24352.0;696.0;America/Chicago;3
Omaha;Omaha;NE;Nebraska;41.2628;-96.0498;827786.0;1304.0;America/Chicago;2
Papillion;Papillion;NE;Nebraska;41.1516;-96.0679;19539.0;764.0;America/Chicago;3
Scottsbluff;Scottsbluff;NE;Nebraska;41.8684;-103.6619;25662.0;873.0;America/Denver;3
South Sioux City;South Sioux City;NE;Nebraska;42.4627;-96.4126;12911.0;777.0;America/Chicago;3
Carson City;Carson City;NV;Nevada;39.1511;-119.7474;57525.0;146.0;America/Los_Angeles;2
Elko;Elko;NV;Nevada;40.8387;-115.7674;21178.0;442.0;America/Los_Angeles;3
Enterprise;Enterprise;NV;Nevada;36.0163;-115.2207;155773.0;1175.0;America/Los_Angeles;2
Henderson;Henderson;NV;Nevada;36.0146;-115.0362;302539.0;1115.0;America/Los_Angeles;2
Las Vegas;Las Vegas;NV;Nevada;36.2333;-115.2654;2073045.0;1747.0;America/Los_Angeles;1
North Las Vegas;North Las Vegas;NV;Nevada;36.288;-115.0901;242975.0;957.0;America/Los_Angeles;2
Pahrump;Pahrump;NV;Nevada;36.2411;-116.0176;35812.0;45.0;America/Los_Angeles;3
Paradise;Paradise;NV;Nevada;36.0807;-115.1369;231858.0;1915.0;America/Los_Angeles;2
Reno;Reno;NV;Nevada;39.5497;-119.8483;433271.0;884.0;America/Los_Angeles;2
Sparks;Sparks;NV;Nevada;39.5729;-119.7157;100888.0;1087.0;America/Los_Angeles;2
Spring Valley;Spring Valley;NV;Nevada;36.0987;-115.2619;195646.0;2271.0;America/Los_Angeles;2
Summerlin South;Summerlin South;NV;Nevada;36.1242;-115.3324;26059.0;1038.0;America/Los_Angeles;3
Sunrise Manor;Sunrise Manor;NV;Nevada;36.1785;-115.049;193854.0;2242.0;America/Los_Angeles;2
Whitney;Whitney;NV;Nevada;36.1005;-115.038;43955.0;2527.0;America/Los_Angeles;2
Winchester;Winchester;NV;Nevada;36.1368;-115.1299;28130.0;2466.0;America/Los_Angeles;2
Berlin;Berlin;NH;New Hampshire;44.4869;-71.2599;11351.0;64.0;America/New_York;3
Concord;Concord;NH;New Hampshire;43.2305;-71.5595;42935.0;259.0;America/New_York;2
Dover;Dover;NH;New Hampshire;43.1887;-70.8845;92234.0;453.0;America/New_York;3
Keene;Keene;NH;New Hampshire;42.9494;-72.2997;22068.0;238.0;America/New_York;3
Laconia;Laconia;NH;New Hampshire;43.5724;-71.4775;19234.0;319.0;America/New_York;3
Lebanon;Lebanon;NH;New Hampshire;43.6353;-72.2531;26414.0;129.0;America/New_York;3
Manchester;Manchester;NH;New Hampshire;42.9848;-71.4447;160742.0;1298.0;America/New_York;2
Nashua;Nashua;NH;New Hampshire;42.7491;-71.491;231262.0;1106.0;America/New_York;2
Portsmouth;Portsmouth;NH;New Hampshire;43.058;-70.7826;92513.0;537.0;America/New_York;3
Rochester;Rochester;NH;New Hampshire;43.299;-70.9787;30797.0;263.0;America/New_York;3
Somersworth;Somersworth;NH;New Hampshire;43.2534;-70.8856;11900.0;468.0;America/New_York;3
Atlantic City;Atlantic City;NJ;New Jersey;39.3797;-74.4527;241363.0;1378.0;America/New_York;2
Bayonne;Bayonne;NJ;New Jersey;40.6661;-74.1142;67186.0;4456.0;America/New_York;2
Camden;Camden;NJ;New Jersey;39.9362;-75.1073;74532.0;3226.0;America/New_York;2
Clifton;Clifton;NJ;New Jersey;40.8631;-74.1575;86607.0;2966.0;America/New_York;2
East Orange;East Orange;NJ;New Jersey;40.7651;-74.2117;65378.0;6426.0;America/New_York;2
Elizabeth;Elizabeth;NJ;New Jersey;40.6657;-74.1912;130215.0;4081.0;America/New_York;2
Hoboken;Hoboken;NJ;New Jersey;40.7451;-74.0279;55131.0;17026.0;America/New_York;2
Jersey City;Jersey City;NJ;New Jersey;40.7161;-74.0683;270753.0;7090.0;America/New_York;2
New Brunswick;New Brunswick;NJ;New Jersey;40.487;-74.445;57073.0;4211.0;America/New_York;2
Newark;Newark;NJ;New Jersey;40.7245;-74.1725;285154.0;4560.0;America/New_York;2
Passaic;Passaic;NJ;New Jersey;40.8574;-74.1282;71247.0;8780.0;America/New_York;2
Paterson;Paterson;NJ;New Jersey;40.9147;-74.1624;148678.0;6823.0;America/New_York;2
Trenton;Trenton;NJ;New Jersey;40.2236;-74.7641;296869.0;4328.0;America/New_York;2
Union City;Union City;NJ;New Jersey;40.7674;-74.0323;70387.0;21116.0;America/New_York;2
Vineland;Vineland;NJ;New Jersey;39.4653;-74.9981;94734.0;340.0;America/New_York;3
Alamogordo;Alamogordo;NM;New Mexico;32.8837;-105.9624;32745.0;564.0;America/Denver;3
Albuquerque;Albuquerque;NM;New Mexico;35.1053;-106.6464;758523.0;1151.0;America/Denver;2
Carlsbad;Carlsbad;NM;New Mexico;32.4013;-104.2388;32848.0;356.0;America/Denver;3
Clovis;Clovis;NM;New Mexico;34.4376;-103.1923;42875.0;637.0;America/Denver;3
Española;Espanola;NM;New Mexico;36.0041;-106.0669;25913.0;496.0;America/Denver;3
Farmington;Farmington;NM;New Mexico;36.7555;-108.1823;52555.0;509.0;America/Denver;3
Gallup;Gallup;NM;New Mexico;35.5183;-108.7423;23415.0;424.0;America/Denver;3
Hobbs;Hobbs;NM;New Mexico;32.7282;-103.16;40614.0;552.0;America/Denver;3
Las Cruces;Las Cruces;NM;New Mexico;32.3265;-106.7893;133988.0;510.0;America/Denver;2
Los Lunas;Los Lunas;NM;New Mexico;34.8115;-106.7803;66613.0;319.0;America/Denver;3
Rio Rancho;Rio Rancho;NM;New Mexico;35.2872;-106.6981;96159.0;358.0;America/Denver;3
Roswell;Roswell;NM;New Mexico;33.373;-104.5294;49119.0;620.0;America/Denver;3
Santa Fe;Santa Fe;NM;New Mexico;35.6619;-105.9819;110078.0;619.0;America/Denver;2
South Valley;South Valley;NM;New Mexico;35.0093;-106.6819;41391.0;550.0;America/Denver;3
Sunland Park;Sunland Park;NM;New Mexico;31.8194;-106.5943;17061.0;506.0;America/Denver;3
Albany;Albany;NY;New York;42.6664;-73.7987;597270.0;1772.0;America/New_York;2
Binghamton;Binghamton;NY;New York;42.1014;-75.9093;150747.0;1664.0;America/New_York;2
Bronx;Bronx;NY;New York;40.8501;-73.8662;1455720.0;13202.0;America/New_York;1
Brooklyn;Brooklyn;NY;New York;40.6501;-73.9496;2629150.0;14606.0;America/New_York;1
Buffalo;Buffalo;NY;New York;42.9017;-78.8487;926261.0;2472.0;America/New_York;2
Manhattan;Manhattan;NY;New York;40.7834;-73.9662;1643734.0;27799.0;America/New_York;1
New Rochelle;New Rochelle;NY;New York;40.9305;-73.7836;79946.0;2982.0;America/New_York;2
New York;New York;NY;New York;40.6943;-73.9249;19354922.0;11083.0;America/New_York;1
Poughkeepsie;Poughkeepsie;NY;New York;41.6949;-73.921;396041.0;2298.0;America/New_York;2
Queens;Queens;NY;New York;40.7498;-73.7976;2333054.0;8247.0;America/New_York;1
Rochester;Rochester;NY;New York;43.168;-77.6162;711998.0;2245.0;America/New_York;2
Staten Island;Staten Island;NY;New York;40.5834;-74.1496;476015.0;3155.0;America/New_York;2
Syracuse;Syracuse;NY;New York;43.0409;-76.1438;407259.0;2212.0;America/New_York;2
Utica;Utica;NY;New York;43.0961;-75.226;114318.0;1396.0;America/New_York;2
Yonkers;Yonkers;NY;New York;40.9466;-73.8674;202019.0;4330.0;America/New_York;2
Asheville;Asheville;NC;North Carolina;35.5704;-82.5537;309250.0;778.0;America/New_York;2
Burlington;Burlington;NC;North Carolina;36.0762;-79.4687;127374.0;697.0;America/New_York;2
Cary;Cary;NC;North Carolina;35.7817;-78.8175;165904.0;1118.0;America/New_York;2
Charlotte;Charlotte;NC;North Carolina;35.2079;-80.8304;1467362.0;1081.0;America/New_York;1
Concord;Concord;NC;North Carolina;35.3932;-80.6363;250186.0;563.0;America/New_York;2
Durham;Durham;NC;North Carolina;35.9795;-78.9032;407575.0;921.0;America/New_York;2
Fayetteville;Fayetteville;NC;North Carolina;35.0846;-78.9776;324700.0;548.0;America/New_York;2
Gastonia;Gastonia;NC;North Carolina;35.2494;-81.1853;180974.0;572.0;America/New_York;2
Greensboro;Greensboro;NC;North Carolina;36.0956;-79.8268;335588.0;869.0;America/New_York;2
Greenville;Greenville;NC;North Carolina;35.5956;-77.3768;128385.0;998.0;America/New_York;2
Hickory;Hickory;NC;North Carolina;35.7426;-81.323;215353.0;529.0;America/New_York;2
High Point;High Point;NC;North Carolina;35.9905;-79.9937;177874.0;771.0;America/New_York;2
Jacksonville;Jacksonville;NC;North Carolina;34.7287;-77.394;108872.0;576.0;America/New_York;2
Raleigh;Raleigh;NC;North Carolina;35.8324;-78.6438;1018336.0;1235.0;America/New_York;1
Wilmington;Wilmington;NC;North Carolina;34.2101;-77.886;245910.0;889.0;America/New_York;2
Winston-Salem;Winston-Salem;NC;North Carolina;36.1029;-80.261;416581.0;712.0;America/New_York;2
Bismarck;Bismarck;ND;North Dakota;46.814;-100.7695;97457.0;833.0;America/Chicago;2
Dickinson;Dickinson;ND;North Dakota;46.8918;-102.7924;21935.0;605.0;America/Denver;3
Fargo;Fargo;ND;North Dakota;46.8653;-96.8292;204820.0;949.0;America/Chicago;2
Grand Forks;Grand Forks;ND;North Dakota;47.9221;-97.0887;66159.0;808.0;America/Chicago;3
Jamestown;Jamestown;ND;North Dakota;46.9063;-98.6937;15244.0;447.0;America/Chicago;3
Mandan;Mandan;ND;North Dakota;46.829;-100.887;22228.0;635.0;America/North_Dakota/New_Salem;3
Minot;Minot;ND;North Dakota;48.2374;-101.278;49884.0;677.0;America/Chicago;3
Wahpeton;Wahpeton;ND;North Dakota;46.2722;-96.6118;11199.0;579.0;America/Chicago;3
West Fargo;West Fargo;ND;North Dakota;46.8573;-96.9057;35708.0;862.0;America/Chicago;3
Williston;Williston;ND;North Dakota;48.1814;-103.6364;26301.0;426.0;America/Chicago;3
Akron;Akron;OH;Ohio;41.0798;-81.5219;565920.0;1233.0;America/New_York;2
Canton;Canton;OH;Ohio;40.8076;-81.3678;271184.0;1060.0;America/New_York;2
Cincinnati;Cincinnati;OH;Ohio;39.1412;-84.506;1648254.0;1493.0;America/New_York;1
Cleveland;Cleveland;OH;Ohio;41.4767;-81.6805;1730363.0;1915.0;America/New_York;1
Columbus;Columbus;OH;Ohio;39.986;-82.9851;1528314.0;1551.0;America/New_York;1
Dayton;Dayton;OH;Ohio;39.7797;-84.1998;718169.0;978.0;America/New_York;2
Lima;Lima;OH;Ohio;40.741;-84.1121;69798.0;1059.0;America/New_York;3
Lorain;Lorain;OH;Ohio;41.4409;-82.184;180239.0;1041.0;America/New_York;2
Mansfield;Mansfield;OH;Ohio;40.7656;-82.5275;72635.0;577.0;America/New_York;3
Middletown;Middletown;OH;Ohio;39.5032;-84.366;97762.0;721.0;America/New_York;3
Newark;Newark;OH;Ohio;40.0705;-82.4251;79025.0;916.0;America/New_York;3
Parma;Parma;OH;Ohio;41.3843;-81.7286;79167.0;1527.0;America/New_York;3
Springfield;Springfield;OH;Ohio;39.9297;-83.7957;83286.0;887.0;America/New_York;3
Toledo;Toledo;OH;Ohio;41.6639;-83.5822;488672.0;1326.0;America/New_York;2
Youngstown;Youngstown;OH;Ohio;41.0993;-80.6463;373728.0;735.0;America/New_York;2
Bartlesville;Bartlesville;OK;Oklahoma;36.7357;-95.9452;39568.0;615.0;America/Chicago;3
Broken Arrow;Broken Arrow;OK;Oklahoma;36.0365;-95.7809;108303.0;676.0;America/Chicago;2
Edmond;Edmond;OK;Oklahoma;35.6689;-97.4159;91950.0;419.0;America/Chicago;3
Enid;Enid;OK;Oklahoma;36.4061;-97.8701;48325.0;261.0;America/Chicago;3
Lawton;Lawton;OK;Oklahoma;34.6176;-98.4203;91383.0;444.0;America/Chicago;3
Midwest City;Midwest City;OK;Oklahoma;35.463;-97.3709;57308.0;906.0;America/Chicago;3
Moore;Moore;OK;Oklahoma;35.3293;-97.4757;61523.0;1087.0;America/Chicago;3
Muskogee;Muskogee;OK;Oklahoma;35.743;-95.3566;40588.0;338.0;America/Chicago;3
Norman;Norman;OK;Oklahoma;35.2335;-97.3471;115065.0;265.0;America/Chicago;2
Oklahoma City;Oklahoma City;OK;Oklahoma;35.4676;-97.5137;955998.0;409.0;America/Chicago;2
Owasso;Owasso;OK;Oklahoma;36.2882;-95.8328;36215.0;795.0;America/Chicago;3
Shawnee;Shawnee;OK;Oklahoma;35.3525;-96.9647;35833.0;273.0;America/Chicago;3
Stillwater;Stillwater;OK;Oklahoma;36.1315;-97.074;48550.0;651.0;America/Chicago;3
Tulsa;Tulsa;OK;Oklahoma;36.1284;-95.9043;672054.0;785.0;America/Chicago;2
Yukon;Yukon;OK;Oklahoma;35.5201;-97.7638;26830.0;390.0;America/Chicago;3
Albany;Albany;OR;Oregon;44.6275;-123.0966;60795.0;1177.0;America/Los_Angeles;3
Aloha;Aloha;OR;Oregon;45.492;-122.8726;55205.0;2899.0;America/Los_Angeles;2
Beaverton;Beaverton;OR;Oregon;45.4779;-122.8168;97514.0;1922.0;America/Los_Angeles;3
Bend;Bend;OR;Oregon;44.0562;-121.3087;103349.0;1103.0;America/Los_Angeles;2
Corvallis;Corvallis;OR;Oregon;44.5696;-123.2781;66441.0;1571.0;America/Los_Angeles;3
Eugene;Eugene;OR;Oregon;44.0563;-123.1173;267568.0;1476.0;America/Los_Angeles;2
Grants Pass;Grants Pass;OR;Oregon;42.4333;-123.3316;54973.0;1259.0;America/Los_Angeles;3
Gresham;Gresham;OR;Oregon;45.5023;-122.4413;111053.0;1836.0;America/Los_Angeles;2
Hillsboro;Hillsboro;OR;Oregon;45.5272;-122.936;106894.0;1606.0;America/Los_Angeles;2
Medford;Medford;OR;Oregon;42.3372;-122.8537;168219.0;1225.0;America/Los_Angeles;2
Portland;Portland;OR;Oregon;45.5371;-122.65;2052796.0;1874.0;America/Los_Angeles;1
Roseburg;Roseburg;OR;Oregon;43.2232;-123.3518;43948.0;802.0;America/Los_Angeles;3
Salem;Salem;OR;Oregon;44.9232;-123.0245;259816.0;1347.0;America/Los_Angeles;2
Springfield;Springfield;OR;Oregon;44.0538;-122.981;62353.0;1520.0;America/Los_Angeles;3
Tigard;Tigard;OR;Oregon;45.4237;-122.7845;53148.0;1609.0;America/Los_Angeles;3
Allentown;Allentown;PA;Pennsylvania;40.5961;-75.4755;682899.0;2668.0;America/New_York;2
Altoona;Altoona;PA;Pennsylvania;40.5082;-78.4007;76096.0;1738.0;America/New_York;3
Bethlehem;Bethlehem;PA;Pennsylvania;40.6266;-75.3679;75707.0;1529.0;America/New_York;3
Erie;Erie;PA;Pennsylvania;42.1168;-80.0733;188079.0;1964.0;America/New_York;2
Hanover;Hanover;PA;Pennsylvania;39.8117;-76.9835;67679.0;1630.0;America/New_York;3
Harrisburg;Harrisburg;PA;Pennsylvania;40.2752;-76.8843;441580.0;2339.0;America/New_York;2
Lancaster;Lancaster;PA;Pennsylvania;40.042;-76.3012;404525.0;3189.0;America/New_York;2
Lebanon;Lebanon;PA;Pennsylvania;40.3412;-76.4228;77973.0;2387.0;America/New_York;2
Philadelphia;Philadelphia;PA;Pennsylvania;40.0077;-75.1339;5637884.0;4547.0;America/New_York;1
Pittsburgh;Pittsburgh;PA;Pennsylvania;40.4396;-79.9763;1715297.0;2108.0;America/New_York;1
Pottstown;Pottstown;PA;Pennsylvania;40.2507;-75.6444;109437.0;1809.0;America/New_York;2
Reading;Reading;PA;Pennsylvania;40.34;-75.9267;267300.0;3475.0;America/New_York;2
Scranton;Scranton;PA;Pennsylvania;41.4044;-75.6649;389022.0;1183.0;America/New_York;2
State College;State College;PA;Pennsylvania;40.791;-77.8568;88285.0;3595.0;America/New_York;2
York;York;PA;Pennsylvania;39.9651;-76.7315;234245.0;3219.0;America/New_York;2
Arecibo;Arecibo;PR;Puerto Rico;18.4491;-66.7387;41556.0;1034.0;America/Puerto_Rico;3
Bayamón;Bayamon;PR;Puerto Rico;18.3793;-66.1635;170245.0;2436.0;America/Puerto_Rico;2
Caguas;Caguas;PR;Puerto Rico;18.2319;-66.0388;77064.0;2730.0;America/Puerto_Rico;2
Carolina;Carolina;PR;Puerto Rico;18.4054;-65.9792;144192.0;2688.0;America/Puerto_Rico;2
Cataño;Catano;PR;Puerto Rico;18.4415;-66.1388;25595.0;2026.0;America/Puerto_Rico;2
Fajardo;Fajardo;PR;Puerto Rico;18.333;-65.6592;26067.0;1236.0;America/Puerto_Rico;3
Guayama;Guayama;PR;Puerto Rico;17.9744;-66.1104;22023.0;2322.0;America/Puerto_Rico;2
Guaynabo;Guaynabo;PR;Puerto Rico;18.3839;-66.1134;70797.0;2268.0;America/Puerto_Rico;2
Humacao;Humacao;PR;Puerto Rico;18.1519;-65.8204;18011.0;1411.0;America/Puerto_Rico;3
Levittown;Levittown;PR;Puerto Rico;18.4454;-66.1759;26117.0;4393.0;America/Puerto_Rico;2
Mayagüez;Mayaguez;PR;Puerto Rico;18.2003;-67.1397;64624.0;1189.0;America/Puerto_Rico;3
Ponce;Ponce;PR;Puerto Rico;18.012;-66.6198;120295.0;1513.0;America/Puerto_Rico;2
San Juan;San Juan;PR;Puerto Rico;18.4037;-66.0636;341657.0;3336.0;America/Puerto_Rico;2
Trujillo Alto;Trujillo Alto;PR;Puerto Rico;18.3601;-66.0103;45936.0;2446.0;America/Puerto_Rico;2
Vega Baja;Vega Baja;PR;Puerto Rico;18.441;-66.3993;22975.0;1420.0;America/Puerto_Rico;3
Central Falls;Central Falls;RI;Rhode Island;41.89;-71.3934;19359.0;6253.0;America/New_York;2
Cranston;Cranston;RI;Rhode Island;41.7658;-71.4858;81202.0;1106.0;America/New_York;3
East Providence;East Providence;RI;Rhode Island;41.8065;-71.3565;47600.0;1382.0;America/New_York;3
Newport;Newport;RI;Rhode Island;41.4803;-71.3205;24942.0;1256.0;America/New_York;3
Newport East;Newport East;RI;Rhode Island;41.5158;-71.2878;11211.0;753.0;America/New_York;3
Pawtucket;Pawtucket;RI;Rhode Island;41.8744;-71.3743;72001.0;3207.0;America/New_York;2
Providence;Providence;RI;Rhode Island;41.823;-71.4187;1206642.0;3783.0;America/New_York;1
Valley Falls;Valley Falls;RI;Rhode Island;41.9234;-71.3923;12056.0;1317.0;America/New_York;3
Warwick;Warwick;RI;Rhode Island;41.7062;-71.4334;80871.0;892.0;America/New_York;3
Woonsocket;Woonsocket;RI;Rhode Island;42.001;-71.4993;41759.0;2081.0;America/New_York;2
Anderson;Anderson;SC;South Carolina;34.5212;-82.6478;77426.0;726.0;America/New_York;3
Beaufort;Beaufort;SC;South Carolina;32.4606;-80.7245;54207.0;220.0;America/New_York;3
Charleston;Charleston;SC;South Carolina;32.8151;-79.963;616085.0;470.0;America/New_York;2
Columbia;Columbia;SC;South Carolina;34.0376;-80.9037;566166.0;377.0;America/New_York;2
Florence;Florence;SC;South Carolina;34.1782;-79.7872;91311.0;655.0;America/New_York;3
Greenville;Greenville;SC;South Carolina;34.8362;-82.3649;467894.0;902.0;America/New_York;2
Hilton Head Island;Hilton Head Island;SC;South Carolina;32.1896;-80.7499;74500.0;373.0;America/New_York;3
Mauldin;Mauldin;SC;South Carolina;34.7866;-82.2997;132402.0;967.0;America/New_York;2
Mount Pleasant;Mount Pleasant;SC;South Carolina;32.8533;-79.8269;86668.0;741.0;America/New_York;3
Myrtle Beach;Myrtle Beach;SC;South Carolina;33.7096;-78.8842;260487.0;536.0;America/New_York;2
North Charleston;North Charleston;SC;South Carolina;32.9067;-80.0722;110861.0;552.0;America/New_York;2
Rock Hill;Rock Hill;SC;South Carolina;34.9413;-81.025;115963.0;741.0;America/New_York;2
Spartanburg;Spartanburg;SC;South Carolina;34.9437;-81.9256;183184.0;732.0;America/New_York;2
Summerville;Summerville;SC;South Carolina;33.0016;-80.1795;50388.0;995.0;America/New_York;3
Sumter;Sumter;SC;South Carolina;33.9392;-80.393;72131.0;473.0;America/New_York;3
Aberdeen;Aberdeen;SD;South Dakota;45.4646;-98.468;28264.0;683.0;America/Chicago;3
Brookings;Brookings;SD;South Dakota;44.3022;-96.7859;24400.0;687.0;America/Chicago;3
Huron;Huron;SD;South Dakota;44.3622;-98.2102;13164.0;532.0;America/Chicago;3
Mitchell;Mitchell;SD;South Dakota;43.7296;-98.0337;15297.0;525.0;America/Chicago;3
Pierre;Pierre;SD;South Dakota;44.3748;-100.3205;14803.0;415.0;America/Chicago;2
Rapid City;Rapid City;SD;South Dakota;44.0716;-103.2205;88979.0;526.0;America/Denver;3
Sioux Falls;Sioux Falls;SD;South Dakota;43.5397;-96.7321;180204.0;881.0;America/Chicago;2
Spearfish;Spearfish;SD;South Dakota;44.4912;-103.8167;12675.0;272.0;America/Denver;3
Vermillion;Vermillion;SD;South Dakota;42.7811;-96.9255;10691.0;910.0;America/Chicago;3
Watertown;Watertown;SD;South Dakota;44.9094;-97.1532;21837.0;475.0;America/Chicago;3
Yankton;Yankton;SD;South Dakota;42.8901;-97.3926;14699.0;654.0;America/Chicago;3
Bartlett;Bartlett;TN;Tennessee;35.2337;-89.8195;59102.0;707.0;America/Chicago;3
Bristol;Bristol;TN;Tennessee;36.5572;-82.2154;69865.0;317.0;America/New_York;3
Chattanooga;Chattanooga;TN;Tennessee;35.0657;-85.2487;407182.0;483.0;America/New_York;2
Clarksville;Clarksville;TN;Tennessee;36.5696;-87.3428;182849.0;603.0;America/Chicago;2
Cleveland;Cleveland;TN;Tennessee;35.1818;-84.8707;71944.0;633.0;America/New_York;3
Franklin;Franklin;TN;Tennessee;35.9216;-86.8525;78321.0;727.0;America/Chicago;3
Hendersonville;Hendersonville;TN;Tennessee;36.3063;-86.5998;57517.0;707.0;America/Chicago;3
Jackson;Jackson;TN;Tennessee;35.6536;-88.8353;73685.0;442.0;America/Chicago;3
Johnson City;Johnson City;TN;Tennessee;36.3406;-82.3803;126589.0;594.0;America/New_York;2
Kingsport;Kingsport;TN;Tennessee;36.5224;-82.5452;118001.0;393.0;America/New_York;2
Knoxville;Knoxville;TN;Tennessee;35.9692;-83.9496;585249.0;732.0;America/New_York;2
Memphis;Memphis;TN;Tennessee;35.1046;-89.9773;1068873.0;793.0;America/Chicago;1
Morristown;Morristown;TN;Tennessee;36.2047;-83.3005;60316.0;420.0;America/New_York;3
Murfreesboro;Murfreesboro;TN;Tennessee;35.8493;-86.4117;167055.0;864.0;America/Chicago;2
Nashville;Nashville;TN;Tennessee;36.1715;-86.7843;1076645.0;541.0;America/Chicago;1
Abilene;Abilene;TX;Texas;32.4543;-99.7384;114964.0;441.0;America/Chicago;2
Allen;Allen;TX;Texas;33.1088;-96.6735;100685.0;1473.0;America/Chicago;2
Amarillo;Amarillo;TX;Texas;35.1989;-101.831;206072.0;759.0;America/Chicago;2
Arlington;Arlington;TX;Texas;32.6998;-97.1251;396394.0;1597.0;America/Chicago;2
Austin;Austin;TX;Texas;30.3006;-97.7517;1638716.0;1144.0;America/Chicago;1
Beaumont;Beaumont;TX;Texas;30.085;-94.1451;148954.0;558.0;America/Chicago;2
Brownsville;Brownsville;TX;Texas;25.998;-97.4565;227883.0;534.0;America/Matamoros;2
Carrollton;Carrollton;TX;Texas;32.989;-96.8999;135710.0;1432.0;America/Chicago;2
College Station;College Station;TX;Texas;30.5852;-96.296;207308.0;858.0;America/Chicago;2
Corpus Christi;Corpus Christi;TX;Texas;27.7261;-97.3755;341435.0;787.0;America/Chicago;2
Dallas;Dallas;TX;Texas;32.7936;-96.7662;5733259.0;1524.0;America/Chicago;1
Denton;Denton;TX;Texas;33.2176;-97.1419;440146.0;547.0;America/Chicago;2
El Paso;El Paso;TX;Texas;31.8479;-106.4309;845674.0;1025.0;America/Denver;2
Fort Worth;Fort Worth;TX;Texas;32.7812;-97.3472;874168.0;978.0;America/Chicago;2
Frisco;Frisco;TX;Texas;33.1554;-96.8217;177286.0;1007.0;America/Chicago;2
Garland;Garland;TX;Texas;32.91;-96.6305;238002.0;1610.0;America/Chicago;2
Grand Prairie;Grand Prairie;TX;Texas;32.687;-97.0209;193837.0;1034.0;America/Chicago;2
Harlingen;Harlingen;TX;Texas;26.1916;-97.6976;136968.0;630.0;America/Chicago;2
Houston;Houston;TX;Texas;29.7869;-95.3905;5446468.0;1401.0;America/Chicago;1
Irving;Irving;TX;Texas;32.8584;-96.9702;240373.0;1384.0;America/Chicago;2
Killeen;Killeen;TX;Texas;31.0755;-97.7297;247489.0;1031.0;America/Chicago;2
Laredo;Laredo;TX;Texas;27.5617;-99.4874;260244.0;965.0;America/Chicago;2
League City;League City;TX;Texas;29.4874;-95.1087;104903.0;790.0;America/Chicago;2
Lewisville;Lewisville;TX;Texas;33.0452;-96.9823;106021.0;1114.0;America/Chicago;2
Longview;Longview;TX;Texas;32.5192;-94.7622;100196.0;565.0;America/Chicago;2
Lubbock;Lubbock;TX;Texas;33.5642;-101.8871;262505.0;767.0;America/Chicago;2
McAllen;McAllen;TX;Texas;26.2273;-98.2471;800904.0;838.0;America/Chicago;2
McKinney;McKinney;TX;Texas;33.2016;-96.6669;235134.0;1045.0;America/Chicago;2
Mesquite;Mesquite;TX;Texas;32.7623;-96.5889;143949.0;1176.0;America/Chicago;2
Midland;Midland;TX;Texas;32.0249;-102.1137;144247.0;706.0;America/Chicago;2
Odessa;Odessa;TX;Texas;31.8831;-102.3406;147810.0;997.0;America/Chicago;2
Pasadena;Pasadena;TX;Texas;29.6584;-95.1499;153520.0;1358.0;America/Chicago;2
Pearland;Pearland;TX;Texas;29.5585;-95.3215;119940.0;961.0;America/Chicago;2
Plano;Plano;TX;Texas;33.0502;-96.7487;286143.0;1541.0;America/Chicago;2
Port Arthur;Port Arthur;TX;Texas;29.8554;-93.9264;157934.0;278.0;America/Chicago;2
Richardson;Richardson;TX;Texas;32.9717;-96.7092;116783.0;1578.0;America/Chicago;2
Round Rock;Round Rock;TX;Texas;30.5254;-97.6659;123678.0;1323.0;America/Chicago;2
San Antonio;San Antonio;TX;Texas;29.4658;-98.5254;2002530.0;1204.0;America/Chicago;1
Temple;Temple;TX;Texas;31.1076;-97.3894;101876.0;409.0;America/Chicago;2
Texas City;Texas City;TX;Texas;29.4128;-94.9658;114546.0;291.0;America/Chicago;2
The Woodlands;The Woodlands;TX;Texas;30.1738;-95.5134;109608.0;980.0;America/Chicago;2
Tyler;Tyler;TX;Texas;32.3184;-95.3065;141116.0;715.0;America/Chicago;2
Waco;Waco;TX;Texas;31.5597;-97.1882;188448.0;591.0;America/Chicago;2
Layton;Layton;UT;Utah;41.0771;-111.9622;76691.0;1325.0;America/Denver;3
Lehi;Lehi;UT;Utah;40.4137;-111.8726;62712.0;866.0;America/Denver;3
Logan;Logan;UT;Utah;41.74;-111.8419;100774.0;1117.0;America/Denver;2
Millcreek;Millcreek;UT;Utah;40.6892;-111.8291;60192.0;1821.0;America/Denver;3
Murray;Murray;UT;Utah;40.6498;-111.8874;49295.0;1544.0;America/Denver;3
Ogden;Ogden;UT;Utah;41.228;-111.9677;573632.0;1233.0;America/Denver;2
Orem;Orem;UT;Utah;40.2983;-111.6992;97839.0;2044.0;America/Denver;2
Provo;Provo;UT;Utah;40.2457;-111.6457;503695.0;1087.0;America/Denver;2
Salt Lake City;Salt Lake City;UT;Utah;40.7774;-111.93;1098400.0;696.0;America/Denver;1
Sandy;Sandy;UT;Utah;40.5706;-111.851;96145.0;1560.0;America/Denver;3
South Jordan;South Jordan;UT;Utah;40.5571;-111.9783;70954.0;1233.0;America/Denver;3
St. George;St. George;UT;Utah;37.077;-113.577;113906.0;423.0;America/Denver;2
Taylorsville;Taylorsville;UT;Utah;40.6569;-111.9493;59992.0;2134.0;America/Denver;2
West Jordan;West Jordan;UT;Utah;40.6024;-112.0008;113905.0;1360.0;America/Denver;2
West Valley City;West Valley City;UT;Utah;40.6889;-112.0115;136170.0;1482.0;America/Denver;2
Barre;Barre;VT;Vermont;44.1997;-72.5083;20735.0;847.0;America/New_York;3
Burlington;Burlington;VT;Vermont;44.4877;-73.2314;108277.0;1582.0;America/New_York;2
Essex Junction;Essex Junction;VT;Vermont;44.4902;-73.114;10691.0;904.0;America/New_York;3
Rutland;Rutland;VT;Vermont;43.6091;-72.9781;18571.0;790.0;America/New_York;3
South Burlington;South Burlington;VT;Vermont;44.4622;-73.2203;19141.0;448.0;America/New_York;3
Alexandria;Alexandria;VA;Virginia;38.8185;-77.0861;160035.0;4137.0;America/New_York;2
Arlington;Arlington;VA;Virginia;38.8786;-77.1011;229534.0;3408.0;America/New_York;2
Blacksburg;Blacksburg;VA;Virginia;37.23;-80.4279;92573.0;872.0;America/New_York;3
Charlottesville;Charlottesville;VA;Virginia;38.0375;-78.4855;102016.0;1809.0;America/New_York;2
Chesapeake;Chesapeake;VA;Virginia;36.6778;-76.3024;240397.0;274.0;America/New_York;2
Fredericksburg;Fredericksburg;VA;Virginia;38.2992;-77.4872;164976.0;1047.0;America/New_York;2
Hampton;Hampton;VA;Virginia;37.0551;-76.3629;134669.0;1011.0;America/New_York;2
Lynchburg;Lynchburg;VA;Virginia;37.4003;-79.1909;125004.0;638.0;America/New_York;2
Newport News;Newport News;VA;Virginia;37.1051;-76.5185;179388.0;1002.0;America/New_York;2
Norfolk;Norfolk;VA;Virginia;36.8945;-76.259;244703.0;1773.0;America/New_York;2
Portsmouth;Portsmouth;VA;Virginia;36.8468;-76.354;94572.0;1096.0;America/New_York;3
Richmond;Richmond;VA;Virginia;37.5295;-77.4756;1059907.0;1463.0;America/New_York;1
Roanoke;Roanoke;VA;Virginia;37.2785;-79.958;216177.0;906.0;America/New_York;2
Suffolk;Suffolk;VA;Virginia;36.6953;-76.6398;90237.0;87.0;America/New_York;3
Virginia Beach;Virginia Beach;VA;Virginia;36.7335;-76.0435;1480383.0;710.0;America/New_York;1
Bellevue;Bellevue;WA;Washington;47.5953;-122.155;144444.0;1666.0;America/Los_Angeles;2
Bellingham;Bellingham;WA;Washington;48.7543;-122.4687;126015.0;1241.0;America/Los_Angeles;2
Bremerton;Bremerton;WA;Washington;47.5436;-122.7121;216480.0;556.0;America/Los_Angeles;2
Everett;Everett;WA;Washington;47.9524;-122.167;110079.0;1278.0;America/Los_Angeles;2
Kennewick;Kennewick;WA;Washington;46.1979;-119.1732;232915.0;1147.0;America/Los_Angeles;2
Kent;Kent;WA;Washington;47.3887;-122.2128;128458.0;1470.0;America/Los_Angeles;2
Marysville;Marysville;WA;Washington;48.081;-122.1558;166541.0;1289.0;America/Los_Angeles;2
Olympia;Olympia;WA;Washington;47.0417;-122.8959;196078.0;1092.0;America/Los_Angeles;2
Renton;Renton;WA;Washington;47.4758;-122.1905;101379.0;1669.0;America/Los_Angeles;2
Seattle;Seattle;WA;Washington;47.6211;-122.3244;3643765.0;3336.0;America/Los_Angeles;1
Spokane;Spokane;WA;Washington;47.6671;-117.433;403043.0;1218.0;America/Los_Angeles;2
Spokane Valley;Spokane Valley;WA;Washington;47.6625;-117.2346;97847.0;1001.0;America/Los_Angeles;3
Tacoma;Tacoma;WA;Washington;47.2431;-122.4531;213418.0;1657.0;America/Los_Angeles;2
Vancouver;Vancouver;WA;Washington;45.6367;-122.597;175673.0;1386.0;America/Los_Angeles;2
Yakima;Yakima;WA;Washington;46.5923;-120.5496;133233.0;1302.0;America/Los_Angeles;2
Beckley;Beckley;WV;West Virginia;37.7877;-81.184;59629.0;666.0;America/New_York;3
Bluefield;Bluefield;WV;West Virginia;37.2608;-81.2143;41653.0;421.0;America/New_York;3
Charles Town;Charles Town;WV;West Virginia;39.2745;-77.8632;23806.0;393.0;America/New_York;3
Charleston;Charleston;WV;West Virginia;38.3484;-81.6323;142858.0;587.0;America/New_York;2
Clarksburg;Clarksburg;WV;West Virginia;39.2863;-80.323;41453.0;619.0;America/New_York;3
Elkins;Elkins;WV;West Virginia;38.9237;-79.8541;10988.0;750.0;America/New_York;3
Fairmont;Fairmont;WV;West Virginia;39.4768;-80.1491;32988.0;830.0;America/New_York;3
Huntington;Huntington;WV;West Virginia;38.4109;-82.4344;194155.0;1120.0;America/New_York;2
Martinsburg;Martinsburg;WV;West Virginia;39.4582;-77.9776;17404.0;1013.0;America/New_York;3
Morgantown;Morgantown;WV;West Virginia;39.6379;-79.9468;72453.0;1181.0;America/New_York;3
Parkersburg;Parkersburg;WV;West Virginia;39.2624;-81.5419;64253.0;987.0;America/New_York;3
South Charleston;South Charleston;WV;West Virginia;38.3482;-81.711;12493.0;611.0;America/New_York;3
Teays Valley;Teays Valley;WV;West Virginia;38.4482;-81.9239;13805.0;742.0;America/New_York;3
Weirton;Weirton;WV;West Virginia;40.406;-80.5671;67082.0;399.0;America/New_York;3
Wheeling;Wheeling;WV;West Virginia;40.0751;-80.6951;77206.0;758.0;America/New_York;3
Appleton;Appleton;WI;Wisconsin;44.2774;-88.3894;222222.0;1178.0;America/Chicago;2
Beloit;Beloit;WI;Wisconsin;42.523;-89.0184;63498.0;819.0;America/Chicago;3
Eau Claire;Eau Claire;WI;Wisconsin;44.82;-91.4951;107068.0;811.0;America/Chicago;2
Green Bay;Green Bay;WI;Wisconsin;44.515;-87.9896;208625.0;892.0;America/Chicago;2
Janesville;Janesville;WI;Wisconsin;42.6855;-89.0136;70518.0;729.0;America/Chicago;3
Kenosha;Kenosha;WI;Wisconsin;42.5864;-87.8762;124888.0;1381.0;America/Chicago;2
La Crosse;La Crosse;WI;Wisconsin;43.8241;-91.2268;101886.0;921.0;America/Chicago;2
Madison;Madison;WI;Wisconsin;43.0827;-89.3923;439553.0;1250.0;America/Chicago;2
Milwaukee;Milwaukee;WI;Wisconsin;43.0642;-87.9673;1377808.0;2389.0;America/Chicago;1
Oshkosh;Oshkosh;WI;Wisconsin;44.0228;-88.5617;75154.0;960.0;America/Chicago;3
Racine;Racine;WI;Wisconsin;42.7274;-87.8135;131467.0;1934.0;America/Chicago;2
Sheboygan;Sheboygan;WI;Wisconsin;43.7403;-87.7316;69920.0;1192.0;America/Chicago;3
Waukesha;Waukesha;WI;Wisconsin;43.0087;-88.2464;72489.0;1096.0;America/Chicago;3
Wausau;Wausau;WI;Wisconsin;44.9615;-89.6457;73933.0;774.0;America/Chicago;3
West Bend;West Bend;WI;Wisconsin;43.4184;-88.1823;69577.0;809.0;America/Chicago;3
Casper;Casper;WY;Wyoming;42.842;-106.3207;67462.0;841.0;America/Denver;3
Cheyenne;Cheyenne;WY;Wyoming;41.1405;-104.7927;78728.0;862.0;America/Denver;2
Evanston;Evanston;WY;Wyoming;41.2602;-110.9646;11538.0;445.0;America/Denver;3
Gillette;Gillette;WY;Wyoming;44.2752;-105.4984;34378.0;513.0;America/Denver;3
Green River;Green River;WY;Wyoming;41.5124;-109.4708;12220.0;340.0;America/Denver;3
Jackson;Jackson;WY;Wyoming;43.4721;-110.7745;12543.0;1374.0;America/Denver;3
Laramie;Laramie;WY;Wyoming;41.3099;-105.6085;33508.0;680.0;America/Denver;3
Riverton;Riverton;WY;Wyoming;43.0425;-108.4142;12776.0;359.0;America/Denver;3
Rock Springs;Rock Springs;WY;Wyoming;41.5951;-109.2237;26710.0;465.0;America/Denver;3
Sheridan;Sheridan;WY;Wyoming;44.7962;-106.9643;19234.0;543.0;America/Denver;3
